{
	"cacheVersn": 0,
	"contextPath": "",
	"contextValue": "",
	"defaultMapping": null,
	"definitionId": "",
	"details": "CMDBreference",
	"disabled": false,
	"enhancementScriptNames": [],
	"excludedBrands": [],
	"expiration": 0,
	"file": false,
	"fileHashesPriority": null,
	"formatScript": "",
	"fromServerVersion": "",
	"id": "28c7fd3c-3c7e-45c6-86c3-de102a0195e8",
	"itemVersion": "",
	"layout": "fdd3338d-71d5-4383-8522-c2d5a5901525",
	"legacyNames": null,
	"locked": false,
	"manualMapping": {},
	"mergeContext": false,
	"packID": "a6495b9b-70fc-4d3f-8ce1-2d4c6fbce06a",
	"packName": "Webinar 2 - Threat Hunting",
	"propagationLabels": [
		"all"
	],
	"regex": "",
	"reputationCommand": "",
	"reputationScriptName": "",
	"shouldShareComments": false,
	"system": false,
	"toServerVersion": "",
	"updateAfter": 0,
	"version": -1
}