{
	"id": "a6495b9b-70fc-4d3f-8ce1-2d4c6fbce06a",
	"version": 0,
	"cacheVersn": 0,
	"modified": "0001-01-01T00:00:00Z",
	"created": "2024-06-05T15:45:35.599654831Z",
	"sizeInBytes": 0,
	"packID": "",
	"packName": "",
	"itemVersion": "",
	"fromServerVersion": "",
	"toServerVersion": "",
	"definitionId": "",
	"vcShouldIgnore": false,
	"vcShouldKeepItemLegacyProdMachine": false,
	"commitMessage": "",
	"shouldCommit": false,
	"currentVersion": "",
	"name": "Webinar 2 - Threat Hunting",
	"description": "",
	"updated": "0001-01-01T00:00:00Z",
	"support": "internalContribution",
	"author": "joerg",
	"authorImage": "",
	"supportDetails": {
		"url": "",
		"email": "joerg@johest.de"
	},
	"beta": false,
	"deprecated": false,
	"certification": "none",
	"serverMinVersion": "",
	"serverMaxVersion": "",
	"general": null,
	"tags": null,
	"rawTags": null,
	"categories": null,
	"contentItems": {
		"integration": null,
		"automation": null,
		"incidentfield": null,
		"incidenttype": null,
		"indicatorfield": null,
		"reputation": null,
		"report": null,
		"dashboard": null,
		"playbook": null,
		"classifier": null,
		"layoutscontainer": null,
		"widget": null,
		"list": null,
		"generictype": null,
		"genericfield": null,
		"wizard": null
	},
	"contentItemTypes": null,
	"integrations": null,
	"useCases": null,
	"rawUseCases": null,
	"keywords": null,
	"rawKeywords": null,
	"dependencies": {
		"CommonScripts": {
			"mandatory": true,
			"minVersion": "1.15.2",
			"name": "Common Scripts",
			"certification": "certified",
			"author": "Cortex XSOAR"
		},
		"CommonTypes": {
			"mandatory": true,
			"minVersion": "3.5.3",
			"name": "Common Types",
			"certification": "certified",
			"author": "Cortex XSOAR"
		},
		"FiltersAndTransformers": {
			"mandatory": true,
			"minVersion": "1.2.72",
			"name": "Filters And Transformers",
			"certification": "certified",
			"author": "Cortex XSOAR"
		},
		"Nmap": {
			"mandatory": true,
			"minVersion": "1.2.3",
			"name": "Nmap",
			"certification": "certified",
			"author": "Cortex XSOAR"
		},
		"OpenCVE": {
			"mandatory": true,
			"minVersion": "1.0.4",
			"name": "OpenCVE",
			"certification": "certified",
			"author": "Cortex XSOAR"
		},
		"Slack": {
			"mandatory": true,
			"minVersion": "3.4.14",
			"name": "Slack",
			"certification": "certified",
			"author": "Cortex XSOAR"
		},
		"ThreatIntelReports": {
			"mandatory": true,
			"minVersion": "1.0.14",
			"name": "Threat Intel Reports (BETA)",
			"certification": "certified",
			"author": "Cortex XSOAR"
		}
	},
	"legacy": false,
	"price": 0,
	"premium": false,
	"installMessage": "",
	"versionInfo": "",
	"eulaLink": "",
	"previewOnly": false,
	"downloads": 0,
	"searchRank": 0,
	"videos": null,
	"prevName": "",
	"disabledMonthly": false
}