{
	"autorun": false,
	"cacheVersn": 0,
	"closureScript": "",
	"color": "#CE3434",
	"days": 0,
	"daysR": 0,
	"default": true,
	"definitionId": "",
	"detached": false,
	"disabled": false,
	"extractSettings": {
		"fieldCliNameToExtractSettings": {},
		"mode": "Specific"
	},
	"fromServerVersion": "",
	"hours": 0,
	"hoursR": 0,
	"id": "Webinar_Hunting",
	"itemVersion": "",
	"layout": "2e558a30-87c8-4d09-87d3-e3f9ec649a7c",
	"locked": false,
	"name": "Webinar_Hunting",
	"onChangeRepAlg": 0,
	"packID": "a6495b9b-70fc-4d3f-8ce1-2d4c6fbce06a",
	"packName": "Webinar 2 - Threat Hunting",
	"playbookId": "8e117dbb-df51-4d84-821d-ae2042c2e814",
	"preProcessingScript": "",
	"propagationLabels": [
		"all"
	],
	"readonly": false,
	"reputationCalc": 0,
	"system": false,
	"toServerVersion": "",
	"version": -1,
	"weeks": 0,
	"weeksR": 0
}