{
	"aliasTo": "",
	"aliases": null,
	"associatedToAll": false,
	"associatedTypes": [
		"CMDBreference"
	],
	"autoCompleteTags": null,
	"breachScript": "",
	"cacheVersn": 0,
	"caseInsensitive": true,
	"cliName": "serviceversion",
	"closeForm": false,
	"columns": null,
	"content": false,
	"defaultRows": null,
	"definitionId": "",
	"description": "",
	"editForm": true,
	"fieldCalcScript": "",
	"fromServerVersion": "",
	"group": 2,
	"hidden": false,
	"id": "indicator_serviceversion",
	"isReadOnly": false,
	"itemVersion": "",
	"locked": false,
	"mergeStrategy": "",
	"name": "serviceVersion",
	"neverSetAsRequired": false,
	"openEnded": false,
	"orgType": "shortText",
	"ownerOnly": false,
	"packID": "a6495b9b-70fc-4d3f-8ce1-2d4c6fbce06a",
	"packName": "Webinar 2 - Threat Hunting",
	"placeholder": "",
	"propagationLabels": [
		"all"
	],
	"required": false,
	"runScriptAfterUpdate": false,
	"script": "",
	"selectValues": null,
	"sla": 0,
	"system": false,
	"systemAssociatedTypes": null,
	"template": "",
	"threshold": 72,
	"toServerVersion": "",
	"type": "shortText",
	"unmapped": false,
	"unsearchable": false,
	"useAsKpi": false,
	"validatedError": "",
	"validationRegex": "",
	"version": -1,
	"x2_fields": ""
}