{
	"cacheVersn": 0,
	"close": null,
	"definitionId": "",
	"description": "",
	"detached": false,
	"details": null,
	"detailsV2": null,
	"edit": {
		"sections": [
			{
				"description": "",
				"fields": [
					{
						"fieldId": "indicator_ipaddress",
						"isVisible": true
					},
					{
						"fieldId": "indicator_port",
						"isVisible": true
					},
					{
						"fieldId": "indicator_tags",
						"isVisible": true
					},
					{
						"fieldId": "indicator_cpe",
						"isVisible": true
					},
					{
						"fieldId": "indicator_organization",
						"isVisible": true
					},
					{
						"fieldId": "indicator_orgunit",
						"isVisible": true
					},
					{
						"fieldId": "indicator_service",
						"isVisible": true
					},
					{
						"fieldId": "indicator_shortdescription",
						"isVisible": true
					}
				],
				"isVisible": true,
				"name": "Information",
				"query": null,
				"queryType": "",
				"readOnly": false,
				"type": ""
			},
			{
				"description": "",
				"fields": [
					{
						"fieldId": "indicator_value",
						"isVisible": true
					},
					{
						"fieldId": "indicator_indicatortype",
						"isVisible": true
					},
					{
						"fieldId": "indicator_score",
						"isVisible": true
					},
					{
						"fieldId": "indicator_expiration",
						"isVisible": true
					},
					{
						"fieldId": "indicator_comment",
						"isVisible": true
					},
					{
						"fieldId": "indicator_investigationids",
						"isVisible": true
					}
				],
				"isVisible": true,
				"name": "Basic Information",
				"query": null,
				"queryType": "",
				"readOnly": false,
				"type": "basicInformationSection"
			}
		]
	},
	"fromServerVersion": "",
	"group": "indicator",
	"id": "fdd3338d-71d5-4383-8522-c2d5a5901525",
	"indicatorsDetails": {
		"TypeName": "",
		"tabs": [
			{
				"hidden": false,
				"id": "ok17mwhgkq",
				"name": "CMDB View",
				"sections": [
					{
						"displayType": "ROW",
						"h": 2,
						"hideName": false,
						"i": "ok17mwhgkq-f52b0d50-217e-11ef-aa2f-0b312880e7e8",
						"items": [
							{
								"endCol": 2,
								"fieldId": "service",
								"height": 22,
								"id": "b0f696f0-2349-11ef-8900-fd8643fc967f",
								"index": 0,
								"sectionItemType": "field",
								"startCol": 0
							},
							{
								"endCol": 2,
								"fieldId": "serviceversion",
								"height": 22,
								"id": "7471bb10-2349-11ef-8900-fd8643fc967f",
								"index": 1,
								"sectionItemType": "field",
								"startCol": 0
							},
							{
								"endCol": 2,
								"fieldId": "ipaddress",
								"height": 22,
								"id": "fce02a80-217e-11ef-aa2f-0b312880e7e8",
								"index": 1,
								"sectionItemType": "field",
								"startCol": 0
							},
							{
								"endCol": 2,
								"fieldId": "port",
								"height": 22,
								"id": "9f901d80-217f-11ef-aa2f-0b312880e7e8",
								"index": 2,
								"sectionItemType": "field",
								"startCol": 0
							},
							{
								"endCol": 2,
								"fieldId": "shortdescription",
								"height": 44,
								"id": "ffb78d70-217e-11ef-aa2f-0b312880e7e8",
								"index": 4,
								"sectionItemType": "field",
								"startCol": 0
							},
							{
								"endCol": 2,
								"fieldId": "tags",
								"height": 22,
								"id": "0ac65cf0-217f-11ef-aa2f-0b312880e7e8",
								"index": 5,
								"sectionItemType": "field",
								"startCol": 0
							}
						],
						"maxW": 3,
						"minH": 1,
						"moved": false,
						"name": "New Section",
						"static": false,
						"w": 1,
						"x": 0,
						"y": 0
					}
				],
				"type": "custom"
			},
			{
				"id": "default-main",
				"name": "Info",
				"sections": [
					{
						"h": 2,
						"i": "default-main-fdd3338d-71d5-4383-8522-c2d5a5901525-default-main-relationshipsTable",
						"maxW": 3,
						"minH": 1,
						"name": "Relationships",
						"type": "relationshipsTable",
						"w": 2,
						"x": 0,
						"y": 2
					},
					{
						"h": 2,
						"i": "default-main-fdd3338d-71d5-4383-8522-c2d5a5901525-default-main-relatedIncidents",
						"maxW": 3,
						"minH": 1,
						"name": "Related Incidents",
						"type": "relatedIncidents",
						"w": 2,
						"x": 0,
						"y": 2
					},
					{
						"displayType": "ROW",
						"h": 2,
						"i": "default-main-fdd3338d-71d5-4383-8522-c2d5a5901525-default-main-e2c8c970-a09d-11e9-8956-390f602b039a",
						"items": [
							{
								"endCol": 2,
								"fieldId": "indicatortype",
								"height": 22,
								"id": "indicator-type",
								"index": 0,
								"sectionItemType": "field",
								"startCol": 0
							},
							{
								"endCol": 2,
								"fieldId": "modified",
								"height": 22,
								"id": "indicator-modified",
								"index": 1,
								"sectionItemType": "field",
								"startCol": 0
							},
							{
								"endCol": 2,
								"fieldId": "expiration",
								"height": 22,
								"id": "indicator-expiration",
								"index": 2,
								"sectionItemType": "field",
								"startCol": 0
							},
							{
								"endCol": 2,
								"fieldId": "timestamp",
								"height": 22,
								"id": "indicator-timestamp",
								"index": 3,
								"sectionItemType": "field",
								"startCol": 0
							}
						],
						"maxW": 3,
						"minH": 1,
						"name": "Basic Information",
						"w": 1,
						"x": 0,
						"y": 1
					},
					{
						"displayType": "ROW",
						"h": 1,
						"hideName": false,
						"i": "default-main-fdd3338d-71d5-4383-8522-c2d5a5901525-default-main-actions",
						"items": [
							{
								"args": {},
								"endCol": 1,
								"height": 44,
								"index": 0,
								"name": "Enrich indicator",
								"scriptId": "Builtin|||enrichIndicators",
								"sectionItemType": "button",
								"startCol": 0
							},
							{
								"endCol": 2,
								"height": 44,
								"index": 1,
								"name": "Expire indicator",
								"scriptId": "Builtin|||expireIndicators",
								"sectionItemType": "button",
								"startCol": 1
							}
						],
						"maxW": 3,
						"minH": 1,
						"name": "Actions",
						"type": "actions",
						"w": 1,
						"x": 2,
						"y": 0
					},
					{
						"displayType": "CARD",
						"h": 2,
						"i": "default-main-fdd3338d-71d5-4383-8522-c2d5a5901525-default-main-tagsAndTLP",
						"items": [
							{
								"endCol": 2,
								"fieldId": "tags",
								"height": 53,
								"index": 0,
								"sectionItemType": "field",
								"startCol": 0
							},
							{
								"args": {
									"field": {
										"simple": "tags"
									}
								},
								"dropEffect": "move",
								"endCol": 1,
								"height": 53,
								"index": 1,
								"name": "Add tags",
								"scriptId": "Builtin|||appendIndicatorField",
								"sectionItemType": "button",
								"startCol": 0
							},
							{
								"endCol": 2,
								"fieldId": "trafficlightprotocol",
								"height": 53,
								"index": 2,
								"sectionItemType": "field",
								"startCol": 0
							},
							{
								"args": {
									"field": {
										"simple": "tags"
									}
								},
								"endCol": 2,
								"height": 53,
								"index": 1,
								"name": "Remove tags",
								"scriptId": "Builtin|||removeIndicatorField",
								"sectionItemType": "button",
								"startCol": 1
							}
						],
						"maxW": 3,
						"minH": 1,
						"name": "Tags and TLP",
						"type": "tagsAndTLP",
						"w": 1,
						"x": 2,
						"y": 1
					},
					{
						"displayType": "ROW",
						"h": 4,
						"i": "default-main-fdd3338d-71d5-4383-8522-c2d5a5901525-default-main-indicatorTimeline",
						"maxW": 3,
						"minH": 1,
						"name": "Timeline",
						"type": "indicatorTimeline",
						"w": 1,
						"x": 2,
						"y": 3
					},
					{
						"h": 3,
						"i": "default-main-fdd3338d-71d5-4383-8522-c2d5a5901525-default-main-comments",
						"maxW": 3,
						"minH": 1,
						"name": "Comments",
						"type": "comments",
						"w": 1,
						"x": 2,
						"y": 5
					},
					{
						"h": 1,
						"hideName": true,
						"i": "default-main-fdd3338d-71d5-4383-8522-c2d5a5901525-default-main-reputationStatus",
						"maxW": 3,
						"minH": 1,
						"name": "Verdict Status",
						"type": "reputationStatus",
						"w": 1,
						"x": 1,
						"y": 0
					},
					{
						"h": 1,
						"hideName": true,
						"i": "default-main-fdd3338d-71d5-4383-8522-c2d5a5901525-default-main-expirationStatus",
						"maxW": 3,
						"minH": 1,
						"name": "Expiration Status",
						"type": "expirationStatus",
						"w": 1,
						"x": 0,
						"y": 0
					},
					{
						"h": 2,
						"i": "default-main-fdd3338d-71d5-4383-8522-c2d5a5901525-default-main-reputationSources",
						"maxW": 3,
						"minH": 1,
						"name": "Verdict",
						"type": "reputationSources",
						"w": 1,
						"x": 1,
						"y": 1
					},
					{
						"displayType": "ROW",
						"h": 3,
						"hideName": false,
						"i": "default-main-fdd3338d-71d5-4383-8522-c2d5a5901525-default-main-publications",
						"items": [
							{
								"endCol": 4,
								"fieldId": "communitynotes",
								"height": 106,
								"index": 0,
								"sectionItemType": "field",
								"startCol": 0
							},
							{
								"endCol": 4,
								"fieldId": "publications",
								"height": 106,
								"index": 1,
								"sectionItemType": "field",
								"startCol": 0
							}
						],
						"maxW": 3,
						"minH": 1,
						"name": "Publications",
						"type": "publications",
						"w": 2,
						"x": 0,
						"y": 9
					}
				],
				"type": "custom"
			},
			{
				"hidden": false,
				"id": "kzgw3cmv1v",
				"name": "New tab",
				"sections": [],
				"type": "custom"
			}
		]
	},
	"indicatorsQuickView": null,
	"itemVersion": "",
	"locked": false,
	"mobile": null,
	"name": "CMDBreference",
	"packID": "a6495b9b-70fc-4d3f-8ce1-2d4c6fbce06a",
	"packName": "Webinar 2 - Threat Hunting",
	"propagationLabels": [
		"all"
	],
	"quickView": null,
	"quickViewV2": null,
	"system": false,
	"toServerVersion": "",
	"version": -1
}