{
	"cacheVersn": 0,
	"close": null,
	"definitionId": "",
	"description": "",
	"detached": false,
	"details": null,
	"detailsV2": {
		"TypeName": "",
		"tabs": [
			{
				"id": "summary",
				"name": "Legacy Summary",
				"type": "summary"
			},
			{
				"id": "caseinfoid",
				"name": "Incident Info",
				"sections": [
					{
						"displayType": "ROW",
						"h": 2,
						"i": "caseinfoid-fce71720-98b0-11e9-97d7-ed26ef9e46c8",
						"isVisible": true,
						"items": [
							{
								"endCol": 2,
								"fieldId": "type",
								"height": 22,
								"id": "incident-type-field",
								"index": 0,
								"sectionItemType": "field",
								"startCol": 0
							},
							{
								"endCol": 2,
								"fieldId": "severity",
								"height": 22,
								"id": "incident-severity-field",
								"index": 1,
								"sectionItemType": "field",
								"startCol": 0
							},
							{
								"endCol": 2,
								"fieldId": "owner",
								"height": 22,
								"id": "incident-owner-field",
								"index": 2,
								"sectionItemType": "field",
								"startCol": 0
							},
							{
								"endCol": 2,
								"fieldId": "sourcebrand",
								"height": 22,
								"id": "incident-sourceBrand-field",
								"index": 4,
								"sectionItemType": "field",
								"startCol": 0
							},
							{
								"endCol": 2,
								"fieldId": "sourceinstance",
								"height": 22,
								"id": "incident-sourceInstance-field",
								"index": 5,
								"sectionItemType": "field",
								"startCol": 0
							},
							{
								"endCol": 2,
								"fieldId": "playbookid",
								"height": 22,
								"id": "incident-playbookId-field",
								"index": 6,
								"sectionItemType": "field",
								"startCol": 0
							}
						],
						"maxW": 3,
						"name": "Case Details",
						"w": 1,
						"x": 0,
						"y": 0
					},
					{
						"h": 2,
						"i": "caseinfoid-61263cc0-98b1-11e9-97d7-ed26ef9e46c8",
						"maxW": 3,
						"name": "Notes",
						"type": "notes",
						"w": 1,
						"x": 2,
						"y": 0
					},
					{
						"displayType": "ROW",
						"h": 2,
						"i": "caseinfoid-6aabad20-98b1-11e9-97d7-ed26ef9e46c8",
						"maxW": 3,
						"name": "Work Plan",
						"type": "workplan",
						"w": 1,
						"x": 1,
						"y": 0
					},
					{
						"displayType": "ROW",
						"h": 2,
						"i": "caseinfoid-770ec200-98b1-11e9-97d7-ed26ef9e46c8",
						"isVisible": true,
						"maxW": 3,
						"name": "Linked Incidents",
						"type": "linkedIncidents",
						"w": 1,
						"x": 1,
						"y": 6
					},
					{
						"displayType": "ROW",
						"h": 2,
						"i": "caseinfoid-842632c0-98b1-11e9-97d7-ed26ef9e46c8",
						"maxW": 3,
						"name": "Child Incidents",
						"type": "childInv",
						"w": 1,
						"x": 2,
						"y": 4
					},
					{
						"displayType": "ROW",
						"h": 2,
						"i": "caseinfoid-4a31afa0-98ba-11e9-a519-93a53c759fe0",
						"maxW": 3,
						"name": "Evidence",
						"type": "evidence",
						"w": 1,
						"x": 2,
						"y": 2
					},
					{
						"displayType": "ROW",
						"h": 2,
						"hideName": false,
						"i": "caseinfoid-7717e580-9bed-11e9-9a3f-8b4b2158e260",
						"maxW": 3,
						"name": "Team Members",
						"type": "team",
						"w": 1,
						"x": 2,
						"y": 6
					},
					{
						"displayType": "ROW",
						"h": 2,
						"i": "caseinfoid-7ce69dd0-a07f-11e9-936c-5395a1acf11e",
						"maxW": 3,
						"name": "Indicators",
						"query": "",
						"queryType": "input",
						"type": "indicators",
						"w": 2,
						"x": 0,
						"y": 4
					},
					{
						"displayType": "CARD",
						"h": 2,
						"i": "caseinfoid-ac32f620-a0b0-11e9-b27f-13ae1773d289",
						"items": [
							{
								"endCol": 1,
								"fieldId": "occurred",
								"height": 22,
								"id": "incident-occurred-field",
								"index": 0,
								"sectionItemType": "field",
								"startCol": 0
							},
							{
								"endCol": 1,
								"fieldId": "dbotmodified",
								"height": 22,
								"id": "incident-modified-field",
								"index": 1,
								"sectionItemType": "field",
								"startCol": 0
							},
							{
								"endCol": 2,
								"fieldId": "dbotduedate",
								"height": 22,
								"id": "incident-dueDate-field",
								"index": 2,
								"sectionItemType": "field",
								"startCol": 0
							},
							{
								"endCol": 2,
								"fieldId": "dbotcreated",
								"height": 22,
								"id": "incident-created-field",
								"index": 0,
								"sectionItemType": "field",
								"startCol": 1
							},
							{
								"endCol": 2,
								"fieldId": "dbotclosed",
								"height": 22,
								"id": "incident-closed-field",
								"index": 1,
								"sectionItemType": "field",
								"startCol": 1
							}
						],
						"maxW": 3,
						"name": "Timeline Information",
						"w": 1,
						"x": 0,
						"y": 2
					},
					{
						"displayType": "ROW",
						"h": 2,
						"i": "caseinfoid-88e6bf70-a0b1-11e9-b27f-13ae1773d289",
						"isVisible": true,
						"items": [
							{
								"endCol": 2,
								"fieldId": "dbotclosed",
								"height": 22,
								"id": "incident-dbotClosed-field",
								"index": 0,
								"sectionItemType": "field",
								"startCol": 0
							},
							{
								"endCol": 2,
								"fieldId": "closereason",
								"height": 22,
								"id": "incident-closeReason-field",
								"index": 1,
								"sectionItemType": "field",
								"startCol": 0
							},
							{
								"endCol": 2,
								"fieldId": "closenotes",
								"height": 22,
								"id": "incident-closeNotes-field",
								"index": 2,
								"sectionItemType": "field",
								"startCol": 0
							}
						],
						"maxW": 3,
						"name": "Closing Information",
						"w": 1,
						"x": 0,
						"y": 6
					},
					{
						"displayType": "CARD",
						"h": 2,
						"i": "caseinfoid-e54b1770-a0b1-11e9-b27f-13ae1773d289",
						"isVisible": true,
						"items": [
							{
								"endCol": 2,
								"fieldId": "details",
								"height": 22,
								"id": "incident-details-field",
								"index": 0,
								"sectionItemType": "field",
								"startCol": 0
							}
						],
						"maxW": 3,
						"name": "Investigation Data",
						"w": 1,
						"x": 1,
						"y": 2
					}
				],
				"type": "custom"
			},
			{
				"id": "warRoom",
				"name": "War Room",
				"type": "warRoom"
			},
			{
				"id": "workPlan",
				"name": "Work Plan",
				"type": "workPlan"
			},
			{
				"id": "evidenceBoard",
				"name": "Evidence Board",
				"type": "evidenceBoard"
			},
			{
				"id": "relatedIncidents",
				"name": "Related Incidents",
				"type": "relatedIncidents"
			},
			{
				"id": "canvas",
				"name": "Canvas",
				"type": "canvas"
			}
		]
	},
	"edit": {
		"sections": [
			{
				"description": "",
				"fields": [
					{
						"fieldId": "incident_name",
						"isVisible": true
					},
					{
						"fieldId": "incident_relatedreport",
						"isVisible": true
					},
					{
						"fieldId": "incident_type",
						"isVisible": true
					},
					{
						"fieldId": "incident_playbookid",
						"isVisible": true
					}
				],
				"isVisible": true,
				"name": "Basic Information",
				"query": null,
				"queryType": "",
				"readOnly": false,
				"type": ""
			}
		]
	},
	"fromServerVersion": "",
	"group": "incident",
	"id": "2e558a30-87c8-4d09-87d3-e3f9ec649a7c",
	"indicatorsDetails": null,
	"indicatorsQuickView": null,
	"itemVersion": "",
	"locked": false,
	"mobile": null,
	"name": "Webinar_Hunting",
	"packID": "a6495b9b-70fc-4d3f-8ce1-2d4c6fbce06a",
	"packName": "Webinar 2 - Threat Hunting",
	"propagationLabels": [
		"all"
	],
	"quickView": null,
	"quickViewV2": null,
	"system": false,
	"toServerVersion": "",
	"version": -1
}